{"cameraMode":{"drawMode":0,"name":"Shaded","section":"Shading Mode"},"sceneLighting":false,"audioPlay":false,"sceneViewState":{"showFog":false,"showMaterialUpdate":false,"showSkybox":false,"showFlares":false,"showImageEffects":false,"showParticleSystems":false},"in2DMode":false,"pivot":{"x":0.11685329675674439,"y":-0.23540055751800538,"z":0.18642547726631165},"rotation":{"x":0.1946815848350525,"y":-0.7881835699081421,"z":0.310251384973526,"w":0.49459025263786318},"size":0.8020438551902771,"orthographic":false}