{"cameraMode":{"drawMode":0,"name":"Shaded","section":"Shading Mode"},"sceneLighting":true,"audioPlay":false,"sceneViewState":{"showFog":false,"showMaterialUpdate":false,"showSkybox":false,"showFlares":false,"showImageEffects":false,"showParticleSystems":false},"in2DMode":false,"pivot":{"x":740.9803466796875,"y":630.099365234375,"z":126.80633544921875},"rotation":{"x":0.06744226068258286,"y":-0.014364449307322503,"z":0.000977476593106985,"w":0.9976345896720886},"size":1174.643310546875,"orthographic":false}